Model,Displ,Cyl,Trans,Drive,Fuel,Cert Region,Stnd,Stnd Description,Underhood ID,Veh Class,Air Pollution Score,City MPG,Hwy MPG,Cmb MPG,Greenhouse Gas Score,SmartWay
AUDI Q5 Plug-In Hybrid quattro,2.0,4.0,AMS-7,4WD,Gasoline/Electricity,CA,L3SULEV30,California LEV-III SULEV30,SVGAT02.0A3P,small SUV,6,25/55,27/61,26/58,8,Yes
AUDI Q6 e-tron quattro,,,Auto-1,4WD,Electricity,FA,T3B0,Federal Tier 3 Bin 0,SVGAT00.0B6B,standard SUV,10,102,89,95,10,Elite
AUDI Q8 Sportback e-tron quattro,,,Auto-1,4WD,Electricity,FA,T3B0,Federal Tier 3 Bin 0,SVGAT00.0AZE,standard SUV,10,73,75,74,10,Elite
AUDI Q8 e-tron quattro,,,Auto-1,4WD,Electricity,FA,T3B0,Federal Tier 3 Bin 0,SVGAT00.0AZE,standard SUV,10,73,75,74,10,Elite
AUDI SQ6 e-tron,,,Auto-1,4WD,Electricity,FA,T3B0,Federal Tier 3 Bin 0,SVGAT00.0B6B,standard SUV,10,96,82,89,10,Elite
AUDI SQ8 Sportback e-tron (20 in. wheels),,,Auto-1,4WD,Electricity,FA,T3B0,Federal Tier 3 Bin 0,SVGAT00.0AZS,standard SUV,10,68,72,70,10,Elite
AUDI SQ8 Sportback e-tron (21/22 in. wheels),,,Auto-1,4WD,Electricity,FA,T3B0,Federal Tier 3 Bin 0,SVGAT00.0AZS,standard SUV,10,59,60,60,10,Elite
AUDI SQ8 e-tron (20 in. wheels),,,Auto-1,4WD,Electricity,FA,T3B0,Federal Tier 3 Bin 0,SVGAT00.0AZS,standard SUV,10,68,72,70,10,Elite
AUDI SQ8 e-tron (21/22 in. wheels),,,Auto-1,4WD,Electricity,FA,T3B0,Federal Tier 3 Bin 0,SVGAT00.0AZS,standard SUV,10,59,60,60,10,Elite
BMW 550e,3.0,6.0,SemiAuto-8,4WD,Gasoline/Electricity,CA,L3SULEV30,California LEV-III SULEV30,SBMXV03.0H5P,midsize car,6,23/64,26/70,24/67,9,Yes
BMW 750e xDrive,3.0,6.0,SemiAuto-8,4WD,Gasoline/Electricity,CA,L3SULEV30,California LEV-III SULEV30,SBMXJ03.0H70,large car,6,24/60,27/72,25/65,9,Yes
BMW X5 xDrive50e,3.0,6.0,SemiAuto-8,4WD,Gasoline/Electricity,CA,L3SULEV30,California LEV-III SULEV30,SBMXJ03.0H70,standard SUV,6,22/57,23/59,22/58,9,Yes
"BMW i4 M50 Gran Coupe (19"" Wheels)",,,Auto-1,4WD,Electricity,FA,T3B0,Federal Tier 3 Bin 0,SBMXV00.0G2X,small car,10,93,96,94,10,Elite
"BMW i4 M50 Gran Coupe (20"" Wheels)",,,Auto-1,4WD,Electricity,FA,T3B0,Federal Tier 3 Bin 0,SBMXV00.0G2X,small car,10,80,80,80,10,Elite
"BMW i4 eDrive35 Gran Coupe (18"" Wheels)",,,Auto-1,2WD,Electricity,FA,T3B0,Federal Tier 3 Bin 0,SBMXV00.0G2S,small car,10,117,114,116,10,Elite
"BMW i4 eDrive35 Gran Coupe (19"" Wheels)",,,Auto-1,2WD,Electricity,FA,T3B0,Federal Tier 3 Bin 0,SBMXV00.0G2S,small car,10,108,104,106,10,Elite
"BMW i4 eDrive40 Gran Coupe (18"" Wheels)",,,Auto-1,2WD,Electricity,FA,T3B0,Federal Tier 3 Bin 0,SBMXV00.0G2S,small car,10,113,111,112,10,Elite
"BMW i4 eDrive40 Gran Coupe (19"" Wheels)",,,Auto-1,2WD,Electricity,FA,T3B0,Federal Tier 3 Bin 0,SBMXV00.0G2S,small car,10,106,103,104,10,Elite
BMW i4 xDrive40 Gran Coupe (18'' Wheels),,,Auto-1,4WD,Electricity,FA,T3B0,Federal Tier 3 Bin 0,SBMXV00.0G2X,small car,10,99,103,101,10,Elite
BMW i4 xDrive40 Gran Coupe (19'' Wheels),,,Auto-1,4WD,Electricity,FA,T3B0,Federal Tier 3 Bin 0,SBMXV00.0G2X,small car,10,93,95,94,10,Elite
BMW i5 M60 xDrive Sedan (19'' Wheels),,,Auto-1,4WD,Electricity,FA,T3B0,Federal Tier 3 Bin 0,SBMXV00.0G2X,small car,10,89,91,90,10,Elite
BMW i5 M60 xDrive Sedan (20'' Wheels),,,Auto-1,4WD,Electricity,FA,T3B0,Federal Tier 3 Bin 0,SBMXV00.0G2X,small car,10,88,88,88,10,Elite
BMW i5 M60 xDrive Sedan (21'' Wheels),,,Auto-1,4WD,Electricity,FA,T3B0,Federal Tier 3 Bin 0,SBMXV00.0G2X,small car,10,83,85,84,10,Elite
BMW i5 eDrive40 Sedan (19'' Wheels),,,Auto-1,2WD,Electricity,FA,T3B0,Federal Tier 3 Bin 0,SBMXV00.0G2S,small car,10,104,105,105,10,Elite
BMW i5 eDrive40 Sedan (20'' Wheels),,,Auto-1,2WD,Electricity,FA,T3B0,Federal Tier 3 Bin 0,SBMXV00.0G2S,small car,10,99,98,99,10,Elite
BMW i5 eDrive40 Sedan (21'' Wheels),,,Auto-1,2WD,Electricity,FA,T3B0,Federal Tier 3 Bin 0,SBMXV00.0G2S,small car,10,97,94,96,10,Elite
"BMW i5 xDrive40 Sedan (19"" Wheels)",,,Auto-1,4WD,Electricity,FA,T3B0,Federal Tier 3 Bin 0,SBMXV00.0G2X,small car,10,92,95,93,10,Elite
"BMW i5 xDrive40 Sedan (20"" Wheels)",,,Auto-1,4WD,Electricity,FA,T3B0,Federal Tier 3 Bin 0,SBMXV00.0G2X,small car,10,92,94,93,10,Elite
"BMW i5 xDrive40 Sedan (21"" Wheels)",,,Auto-1,4WD,Electricity,FA,T3B0,Federal Tier 3 Bin 0,SBMXV00.0G2X,small car,10,86,87,87,10,Elite
BMW i7 M70 xDrive Sedan (20'' Wheels),,,Auto-1,4WD,Electricity,FA,T3B0,Federal Tier 3 Bin 0,SBMXJ00.0I2T,large car,10,72,79,75,10,Elite
BMW i7 M70 xDrive Sedan (21'' Wheels),,,Auto-1,4WD,Electricity,FA,T3B0,Federal Tier 3 Bin 0,SBMXJ00.0I2T,large car,10,77,83,79,10,Elite
BMW i7 eDrive50 Sedan (19'' Wheels),,,Auto-1,2WD,Electricity,FA,T3B0,Federal Tier 3 Bin 0,SBMXV00.0G7S,large car,10,85,93,88,10,Elite
BMW i7 eDrive50 Sedan (20'' Wheels),,,Auto-1,2WD,Electricity,FA,T3B0,Federal Tier 3 Bin 0,SBMXV00.0G7S,large car,10,82,88,85,10,Elite
BMW i7 eDrive50 Sedan (21'' Wheels),,,Auto-1,2WD,Electricity,FA,T3B0,Federal Tier 3 Bin 0,SBMXV00.0G7S,large car,10,84,90,87,10,Elite
BMW i7 xDrive60 Sedan (19'' Wheels),,,Auto-1,4WD,Electricity,FA,T3B0,Federal Tier 3 Bin 0,SBMXV00.0G2X,large car,10,85,91,88,10,Elite
BMW i7 xDrive60 Sedan (20'' Wheels),,,Auto-1,4WD,Electricity,FA,T3B0,Federal Tier 3 Bin 0,SBMXV00.0G2X,large car,10,81,85,83,10,Elite
BMW i7 xDrive60 Sedan (21'' Wheels),,,Auto-1,4WD,Electricity,FA,T3B0,Federal Tier 3 Bin 0,SBMXV00.0G2X,large car,10,85,89,87,10,Elite
BMW iX M60 (21'' Wheels),,,Auto-1,4WD,Electricity,FA,T3B0,Federal Tier 3 Bin 0,SBMXJ00.0I2T,standard SUV,10,75,77,76,10,Elite
BMW iX M60 (22'' Wheels),,,Auto-1,4WD,Electricity,FA,T3B0,Federal Tier 3 Bin 0,SBMXJ00.0I2T,standard SUV,10,75,79,77,10,Elite
BMW iX xDrive40 (20'' Wheels),,,Auto-1,4WD,Electricity,FA,T3B0,Federal Tier 3 Bin 0,SBMXT00.0I2M,standard SUV,10,87,85,86,10,Elite
BMW iX xDrive40 (21'' Wheels),,,Auto-1,4WD,Electricity,FA,T3B0,Federal Tier 3 Bin 0,SBMXT00.0I2M,standard SUV,10,84,81,83,10,Elite
BMW iX xDrive40 (22'' Wheels),,,Auto-1,4WD,Electricity,FA,T3B0,Federal Tier 3 Bin 0,SBMXT00.0I2M,standard SUV,10,89,85,87,10,Elite
"BMW iX xDrive50 (20"" Wheels)",,,Auto-1,4WD,Electricity,FA,T3B0,Federal Tier 3 Bin 0,SBMXT00.0I2M,standard SUV,10,82,84,83,10,Elite
"BMW iX xDrive50 (21"" Wheels)",,,Auto-1,4WD,Electricity,FA,T3B0,Federal Tier 3 Bin 0,SBMXT00.0I2M,standard SUV,10,82,81,81,10,Elite
BMW iX xDrive50 (22'' Wheels),,,Auto-1,4WD,Electricity,FA,T3B0,Federal Tier 3 Bin 0,SBMXT00.0I2M,standard SUV,10,82,81,81,10,Elite
CHRYSLER Pacifica Hybrid,3.6,6.0,CVT,2WD,Gasoline/Electricity,CA,L3SULEV30,California LEV-III SULEV30,SCRXT03.65PH,minivan,6,29/87,30/77,30/82,9,Yes
GENESIS Electrified G80,,,Auto-1,4WD,Electricity,FA,T3B0,Federal Tier 3 Bin 0,SHYXV00.0H00,midsize car,10,105,89,97,10,Elite
GENESIS Electrified GV70,,,Auto-1,4WD,Electricity,FA,T3B0,Federal Tier 3 Bin 0,SHYXV00.0U00,small SUV,10,98,83,91,10,Elite
"GENESIS GV60 AWD (19"" Wheels)",,,Auto-1,4WD,Electricity,FA,T3B0,Federal Tier 3 Bin 0,SHYXV00.0301,small SUV,10,110,90,100,10,Elite
"GENESIS GV60 AWD Advanced (20"" Wheels)",,,Auto-1,4WD,Electricity,FA,T3B0,Federal Tier 3 Bin 0,SHYXV00.0301,small SUV,10,103,86,95,10,Elite
GENESIS GV60 AWD Performance,,,Auto-1,4WD,Electricity,FA,T3B0,Federal Tier 3 Bin 0,SHYXV00.0302,small SUV,10,97,82,90,10,Elite
GENESIS GV60 RWD,,,Auto-1,2WD,Electricity,FA,T3B0,Federal Tier 3 Bin 0,SHYXV00.0300,small SUV,10,125,99,112,10,Elite
GMC Hummer EV Pickup,,,Auto-1,4WD,Electricity,FA,T3B0,Federal Tier 3 Bin 0,SGMXT00.0009,pickup,10,58,46,52,10,Elite
GMC Hummer EV Pickup MT Tires,,,Auto-1,4WD,Electricity,FA,T3B0,Federal Tier 3 Bin 0,SGMXT00.0009,pickup,10,53,43,48,10,Elite
GMC Hummer EV SUV,,,Auto-1,4WD,Electricity,FA,T3B0,Federal Tier 3 Bin 0,SGMXT00.0009,standard SUV,10,58,46,52,10,Elite
GMC Hummer EV SUV MT Tires,,,Auto-1,4WD,Electricity,FA,T3B0,Federal Tier 3 Bin 0,SGMXT00.0009,standard SUV,10,53,43,48,10,Elite
HONDA CR-V e-FCEV,-1.0,-1.0,Auto-1,2WD,Electricity/Hydrogen,FA,T3B0,Federal Tier 3 Bin 0,SHNXV00.0RRG,small SUV,10,94,79,87,10,Elite
HONDA Civic 4Dr,2.0,4.0,CVT,2WD,Gasoline,CA,OT,Other,SHNXV02.0GES,midsize car,6,50,47,49,8,Yes
HYUNDAI Elantra Hybrid,1.6,4.0,AMS-6,2WD,Gasoline,CA,L3SULEV30,California LEV-III SULEV30,SHYXV01.6C13,midsize car,6,49,52,50,8,Yes
HYUNDAI Elantra Hybrid Blue,1.6,4.0,AMS-6,2WD,Gasoline,CA,L3SULEV30,California LEV-III SULEV30,SHYXV01.6C13,midsize car,6,51,58,54,8,Yes
HYUNDAI Ioniq 5 N,,,Auto-1,4WD,Electricity,FA,T3B0,Federal Tier 3 Bin 0,SHYXV00.0W04,small SUV,10,84,72,78,10,Elite
"HYUNDAI Ioniq 6 (18"" Wheels)",,,Auto-1,2WD,Electricity,FA,T3B0,Federal Tier 3 Bin 0,SHYXV00.0201,midsize car,10,144,120,132,10,Elite
"HYUNDAI Ioniq 6 (20"" Wheels)",,,Auto-1,2WD,Electricity,FA,T3B0,Federal Tier 3 Bin 0,SHYXV00.0201,midsize car,10,123,100,111,10,Elite
HYUNDAI Ioniq 6 Standard Range,,,Auto-1,2WD,Electricity,FA,T3B0,Federal Tier 3 Bin 0,SHYXV00.0200,midsize car,10,151,120,135,10,Elite
"HYUNDAI Kona Electric (17"" Wheels)",,,Auto-1,2WD,Electricity,FA,T3B0,Federal Tier 3 Bin 0,SHYXV00.0K01,small SUV,10,129,103,116,10,Elite
"HYUNDAI Kona Electric (19"" Wheels)",,,Auto-1,2WD,Electricity,FA,T3B0,Federal Tier 3 Bin 0,SHYXV00.0K01,small SUV,10,113,93,103,10,Elite
HYUNDAI Kona Electric Standard Range,,,Auto-1,2WD,Electricity,FA,T3B0,Federal Tier 3 Bin 0,SHYXV00.0K00,small SUV,10,131,105,118,10,Elite
HYUNDAI Sonata Hybrid,2.0,4.0,AMS-6,2WD,Gasoline,CA,L3SULEV30,California LEV-III SULEV30,SHYXV02.0E13,large car,6,44,51,47,8,Yes
HYUNDAI Tuscon Plug-in Hybrid,1.6,4.0,AMS-6,4WD,Gasoline/Electricity,CA,L3SULEV30,California LEV-III SULEV30,SHYXT01.6L2T,small SUV,6,35/80,35/73,35/77,9,Yes
JEEP Grand Cherokee,2.0,4.0,Auto-8,4WD,Gasoline/Electricity,CA,L3SULEV30,California LEV-III SULEV30,SCRXT02.05PH,standard SUV,6,23/57,24/56,23/56,8,Yes
KIA EV9 Long Range AWD,,,Auto-1,4WD,Electricity,FA,T3B0,Federal Tier 3 Bin 0,SKMXV00.0300,standard SUV,10,91,75,83,10,Elite
KIA EV9 Long Range AWD GT-Line,,,Auto-1,4WD,Electricity,FA,T3B0,Federal Tier 3 Bin 0,SKMXV00.0300,standard SUV,10,88,72,80,10,Elite
KIA EV9 Long Range RWD,,,Auto-1,2WD,Electricity,FA,T3B0,Federal Tier 3 Bin 0,SKMXV00.0301,standard SUV,10,100,78,89,10,Elite
KIA EV9 Standard Range RWD,,,Auto-1,2WD,Electricity,FA,T3B0,Federal Tier 3 Bin 0,SKMXV00.0302,standard SUV,10,99,77,88,10,Elite
KIA Niro,1.6,4.0,AMS-6,2WD,Gasoline,CA,L3SULEV30,California LEV-III SULEV30,SKMXV01.6213,small SUV,6,53,45,49,8,Yes
KIA Niro Electric,,,Auto-1,2WD,Electricity,FA,T3B0,Federal Tier 3 Bin 0,SKMXV00.0200,small SUV,10,126,101,113,10,Elite
KIA Niro FE,1.6,4.0,AMS-6,2WD,Gasoline,CA,L3SULEV30,California LEV-III SULEV30,SKMXV01.6213,small SUV,6,53,54,53,8,Yes
KIA Niro Plug-in Hybrid,1.6,4.0,AMS-6,2WD,Gasoline/Electricity,CA,L3SULEV30,California LEV-III SULEV30,SKMXV01.622T,small SUV,6,49/113,47/102,48/108,10,Yes
KIA Sorento Plug-in Hybrid,1.6,4.0,AMS-6,4WD,Gasoline/Electricity,CA,L3SULEV30,California LEV-III SULEV30,SKMXV01.6J2T,small SUV,6,33/77,34/71,33/74,9,Yes
KIA Sportage Plug-in Hybrid,1.6,4.0,AMS-6,4WD,Gasoline/Electricity,CA,L3SULEV30,California LEV-III SULEV30,SKMXT01.6P2T,small SUV,6,36/88,35/79,35/84,9,Yes
LAND ROVER Range Rover P550 PHEV,3.0,6.0,SemiAuto-8,4WD,Gasoline/Electricity,CA,L3SULEV30,California LEV-III SULEV30,SJLXT03.0PTC,standard SUV,6,21/51,22/56,21/53,9,Yes
LAND ROVER Range Rover Sport P460 PHEV,3.0,6.0,SemiAuto-8,4WD,Gasoline/Electricity,CA,L3SULEV30,California LEV-III SULEV30,SJLXT03.0PTC,standard SUV,6,21/51,22/56,21/53,9,Yes
LEXUS NX 450h+,2.5,4.0,SCV-6,4WD,Gasoline/Electricity,CA,L3SULEV30,California LEV-III SULEV30,STYXT02.5P3W,small SUV,6,38/93,33/75,36/84,9,Yes
"LUCID Air G Touring XR AWD w/19"" wheels",,,Auto-1,4WD,Electricity,CA,T3B0,Federal Tier 3 Bin 0,SLMUV00.0ZA2,large car,10,129,126,128,10,Elite
"LUCID Air G Touring XR AWD w/20"" wheels",,,Auto-1,4WD,Electricity,CA,T3B0,Federal Tier 3 Bin 0,SLMUV00.0ZA2,large car,10,122,117,120,10,Elite
"LUCID Air G Touring XR AWD w/21"" wheels",,,Auto-1,4WD,Electricity,CA,T3B0,Federal Tier 3 Bin 0,SLMUV00.0ZA2,large car,10,114,109,112,10,Elite
"LUCID Air Pure RWD w/19"" wheels",,,Auto-1,2WD,Electricity,FA,T3B0,Federal Tier 3 Bin 0,SLMUV00.0NR1,large car,10,149,142,146,10,Elite
"LUCID Air Pure RWD w/20"" wheels",,,Auto-1,2WD,Electricity,FA,T3B0,Federal Tier 3 Bin 0,SLMUV00.0NR1,large car,10,132,125,129,10,Elite
LUCID Air Sapphire AWD,,,Auto-1,4WD,Electricity,FA,T3B0,Federal Tier 3 Bin 0,SLMUV00.0GJ3,large car,10,108,101,105,10,Elite
"LUCID Air Touring AWD w/19"" wheels",,,Auto-1,4WD,Electricity,CA,T3B0,Federal Tier 3 Bin 0,SLMUV00.0ZA2,large car,10,133,130,132,10,Elite
"LUCID Air Touring AWD w/20"" wheels",,,Auto-1,4WD,Electricity,CA,T3B0,Federal Tier 3 Bin 0,SLMUV00.0ZA2,large car,10,124,119,121,10,Elite
"LUCID Air Touring AWD w/21"" wheels",,,Auto-1,4WD,Electricity,CA,T3B0,Federal Tier 3 Bin 0,SLMUV00.0ZA2,large car,10,119,113,116,10,Elite
"MASERATI Grecale Folgore (20"" Wheels)",,,Auto-1,4WD,Electricity,FA,T3B0,Federal Tier 3 Bin 0,SMAXT00.0182,small SUV,10,80,70,75,10,Elite
"MASERATI Grecale Folgore (21"" Wheels)",,,Auto-1,4WD,Electricity,FA,T3B0,Federal Tier 3 Bin 0,SMAXT00.0182,small SUV,10,65,59,62,10,Elite
MAZDA CX-70,2.5,4.0,SemiAuto-8,4WD,Gasoline/Electricity,CA,L3SULEV30,California LEV-III SULEV30,STKXT02.5CDB,standard SUV,6,24/53,27/61,25/56,8,Yes
MAZDA CX-90,2.5,4.0,SemiAuto-8,4WD,Gasoline/Electricity,CA,L3SULEV30,California LEV-III SULEV30,STKXT02.5CDB,standard SUV,6,24/53,27/61,25/56,8,Yes
MERCEDES-BENZ AMG EQE 4Matic+,,,Auto-1,4WD,Electricity,FA,T3B0,Federal Tier 3 Bin 0,SMBXV00.0ED3,midsize car,10,69,71,70,10,Elite
MERCEDES-BENZ AMG EQS 4Matic+,,,Auto-1,4WD,Electricity,FA,T3B0,Federal Tier 3 Bin 0,SMBXJ00.0ED2,large car,10,76,81,78,10,Elite
MERCEDES-BENZ EQE 350 4Matic,,,Auto-1,4WD,Electricity,FA,T3B0,Federal Tier 3 Bin 0,SMBXV00.0ED2,midsize car,10,87,85,86,10,Elite
MERCEDES-BENZ EQE 350+,,,Auto-1,2WD,Electricity,FA,T3B0,Federal Tier 3 Bin 0,SMBXV00.0ED1,station wagon,10,98,87,93,10,Elite
MERCEDES-BENZ EQE 500 4Matic,,,Auto-1,4WD,Electricity,FA,T3B0,Federal Tier 3 Bin 0,SMBXV00.0ED2,midsize car,10,85,84,85,10,Elite
MERCEDES-BENZ EQS 450 4Matic,,,Auto-1,4WD,Electricity,FA,T3B0,Federal Tier 3 Bin 0,SMBXJ00.0ED2,large car,10,91,93,92,10,Elite
MERCEDES-BENZ EQS 450+,,,Auto-1,2WD,Electricity,FA,T3B0,Federal Tier 3 Bin 0,SMBXJ00.0ED1,large car,10,98,98,98,10,Elite
MERCEDES-BENZ EQS 580 4Matic,,,Auto-1,4WD,Electricity,FA,T3B0,Federal Tier 3 Bin 0,SMBXJ00.0ED2,large car,10,93,93,93,10,Elite
MERCEDES-BENZ EQS 680 4MATIC Maybach (SUV),,,Auto-1,4WD,Electricity,FA,T3B0,Federal Tier 3 Bin 0,SMBXJ00.0ED2,standard SUV,10,76,76,76,10,Elite
MERCEDES-BENZ GLC 350e 4Matic EQ Hybrid,2.0,4.0,Auto-9,4WD,Gasoline/Electricity,CA,L3SULEV30,California LEV-III SULEV30,SMBXT02.0HY2,small SUV,6,23/60,28/70,25/64,9,Yes
MERCEDES-BENZ GLE 450e 4MATIC,2.0,4.0,Auto-9,4WD,Gasoline/Electricity,CA,L3SULEV30,California LEV-III SULEV30,SMBXT02.0HY2,standard SUV,6,21/57,26/63,23/60,9,Yes
"MINI Countryman SE All4 (18"" Wheels)",,,Auto-1,4WD,Electricity,FA,T3B0,Federal Tier 3 Bin 0,SBMXV00.0U2X,small SUV,10,99,94,96,10,Elite
"MINI Countryman SE All4 (19"" Wheels)",,,Auto-1,4WD,Electricity,FA,T3B0,Federal Tier 3 Bin 0,SBMXV00.0U2X,small SUV,10,94,88,91,10,Elite
MITSUBISHI Outlander PHEV,2.4,4.0,Auto-1,4WD,Gasoline/Electricity,CA,L3SULEV30,California LEV-III SULEV30,SMTXT02.4H3M,standard SUV,6,25/67,27/61,26/64,9,Yes
NISSAN Leaf,,,Auto-1,2WD,Electricity,FA,T3B0,Federal Tier 3 Bin 0,SNSXV0000TL2,midsize car,10,123,99,111,10,Elite
POLESTAR 2 Dual Motor (19 Inch Wheels),,,Auto-1,4WD,Electricity,FA,T3B0,Federal Tier 3 Bin 0,SVVXV00.0Z0A,midsize car,10,105,95,101,10,Elite
POLESTAR 2 Dual Motor (20 Inch Wheels),,,Auto-1,4WD,Electricity,FA,T3B0,Federal Tier 3 Bin 0,SVVXV00.0Z0A,midsize car,10,101,92,97,10,Elite
POLESTAR 2 Dual Motor Performance Pack,,,Auto-1,4WD,Electricity,FA,T3B0,Federal Tier 3 Bin 0,SVVXV00.0Z0A,midsize car,10,95,87,91,10,Elite
POLESTAR 2 Single Motor (19 Inch Wheels),,,Auto-1,2WD,Electricity,FA,T3B0,Federal Tier 3 Bin 0,SVVXV00.0Z0B,midsize car,10,123,104,114,10,Elite
POLESTAR 2 Single Motor (20 Inch Wheels),,,Auto-1,2WD,Electricity,FA,T3B0,Federal Tier 3 Bin 0,SVVXV00.0Z0B,midsize car,10,117,101,109,10,Elite
"POLESTAR 3 Long Range Dual Motor (20"" Wheels)",,,Auto-1,4WD,Electricity,FA,T3B0,Federal Tier 3 Bin 0,SVVXT00.0Z0E,standard SUV,10,91,82,87,10,Elite
"POLESTAR 3 Long Range Dual Motor (21"" Wheels)",,,Auto-1,4WD,Electricity,FA,T3B0,Federal Tier 3 Bin 0,SVVXT00.0Z0E,standard SUV,10,92,84,88,10,Elite
"POLESTAR 3 Long Range Dual Motor (22"" Wheels)",,,Auto-1,4WD,Electricity,FA,T3B0,Federal Tier 3 Bin 0,SVVXT00.0Z0E,standard SUV,10,84,76,80,10,Elite
POLESTAR 3 Long Range Dual Motor Performance Pack,,,Auto-1,4WD,Electricity,FA,T3B0,Federal Tier 3 Bin 0,SVVXT00.0Z0E,standard SUV,10,81,73,77,10,Elite
POLESTAR 4 Long Range Dual Motor,,,Auto-1,4WD,Electricity,FA,T3B0,Federal Tier 3 Bin 0,SVVXV00.0Z0I,standard SUV,10,86,80,83,10,Elite
POLESTAR 4 Long Range Single Motor,,,Auto-1,2WD,Electricity,FA,T3B0,Federal Tier 3 Bin 0,SVVXV00.0Z0J,standard SUV,10,93,87,90,10,Elite
PORSCHE Taycan 4S Perf Battery Plus 19in,,,Auto-2,4WD,Electricity,FA,T3B0,Federal Tier 3 Bin 0,SPRXV00.0ETT,small car,10,94,92,93,10,Elite
PORSCHE Taycan Perf Battery Plus,,,Auto-2,2WD,Electricity,FA,T3B0,Federal Tier 3 Bin 0,SPRXV00.0ETS,small car,10,94,90,92,10,Elite
PORSCHE Taycan Performance Battery,,,Auto-2,2WD,Electricity,FA,T3B0,Federal Tier 3 Bin 0,SPRXV00.0ETS,small car,10,94,88,91,10,Elite
RIMAC Nevera,,,Auto-1,4WD,Electricity,FA,T3B0,Federal Tier 3 Bin 0,SBGRV00.0CJP,small car,10,52,54,53,10,Elite
RIVIAN R1S All-Terrain Dual Large Plus (20in),,,Auto-1,4WD,Electricity,FA,T3B0,Federal Tier 3 Bin 0,SRIVT00.0SEP,standard SUV,10,76,67,72,10,Elite
RIVIAN R1S All-Terrain Dual Max (20in),,,Auto-1,4WD,Electricity,FA,T3B0,Federal Tier 3 Bin 0,SRIVT00.0SEP,standard SUV,10,82,73,78,10,Elite
RIVIAN R1S All-Terrain Performance Dual Large Plus (20in),,,Auto-1,4WD,Electricity,FA,T3B0,Federal Tier 3 Bin 0,SRIVT00.0SEP,standard SUV,10,76,67,72,10,Elite
RIVIAN R1S All-Terrain Performance Dual Max (20in),,,Auto-1,4WD,Electricity,FA,T3B0,Federal Tier 3 Bin 0,SRIVT00.0SEP,standard SUV,10,82,73,78,10,Elite
RIVIAN R1S Dual Large Plus (22in),,,Auto-1,4WD,Electricity,FA,T3B0,Federal Tier 3 Bin 0,SRIVT00.0SEP,standard SUV,10,89,75,82,10,Elite
RIVIAN R1S Dual Max (20in),,,Auto-1,4WD,Electricity,FA,T3B0,Federal Tier 3 Bin 0,SRIVT00.0SEP,standard SUV,10,86,74,80,10,Elite
RIVIAN R1S Dual Max (22in),,,Auto-1,4WD,Electricity,FA,T3B0,Federal Tier 3 Bin 0,SRIVT00.0SEP,standard SUV,10,91,77,84,10,Elite
RIVIAN R1S Dual Standard (20in),,,Auto-1,4WD,Electricity,FA,T3B0,Federal Tier 3 Bin 0,SRIVT00.01L2,standard SUV,10,85,72,79,10,Elite
RIVIAN R1S Dual Standard (22in),,,Auto-1,4WD,Electricity,FA,T3B0,Federal Tier 3 Bin 0,SRIVT00.01L2,standard SUV,10,92,77,85,10,Elite
RIVIAN R1S Performance Dual Large Plus (22in),,,Auto-1,4WD,Electricity,FA,T3B0,Federal Tier 3 Bin 0,SRIVT00.0SEP,standard SUV,10,89,75,82,10,Elite
RIVIAN R1S Performance Dual Max (20in),,,Auto-1,4WD,Electricity,FA,T3B0,Federal Tier 3 Bin 0,SRIVT00.0SEP,standard SUV,10,86,74,80,10,Elite
RIVIAN R1S Performance Dual Max (22in),,,Auto-1,4WD,Electricity,FA,T3B0,Federal Tier 3 Bin 0,SRIVT00.0SEP,standard SUV,10,91,77,84,10,Elite
RIVIAN R1T All-Terrain Dual Large Plus (20in),,,Auto-1,4WD,Electricity,FA,T3B0,Federal Tier 3 Bin 0,SRIVT00.0SEP,pickup,10,76,67,72,10,Elite
RIVIAN R1T All-Terrain Dual Max (20in),,,Auto-1,4WD,Electricity,FA,T3B0,Federal Tier 3 Bin 0,SRIVT00.0SEP,pickup,10,82,73,78,10,Elite
RIVIAN R1T All-Terrain Performance Dual Large Plus (20in),,,Auto-1,4WD,Electricity,FA,T3B0,Federal Tier 3 Bin 0,SRIVT00.0SEP,pickup,10,76,67,72,10,Elite
RIVIAN R1T All-Terrain Performance Dual Max (20in),,,Auto-1,4WD,Electricity,FA,T3B0,Federal Tier 3 Bin 0,SRIVT00.0SEP,pickup,10,82,73,78,10,Elite
RIVIAN R1T Dual Large Plus (22in),,,Auto-1,4WD,Electricity,FA,T3B0,Federal Tier 3 Bin 0,SRIVT00.0SEP,pickup,10,89,75,82,10,Elite
RIVIAN R1T Dual Max (20in),,,Auto-1,4WD,Electricity,FA,T3B0,Federal Tier 3 Bin 0,SRIVT00.0SEP,pickup,10,86,74,80,10,Elite
RIVIAN R1T Dual Max (22in),,,Auto-1,4WD,Electricity,FA,T3B0,Federal Tier 3 Bin 0,SRIVT00.0SEP,pickup,10,93,80,87,10,Elite
RIVIAN R1T Dual Standard (20in),,,Auto-1,4WD,Electricity,FA,T3B0,Federal Tier 3 Bin 0,SRIVT00.01L2,pickup,10,85,72,79,10,Elite
RIVIAN R1T Dual Standard (22in),,,Auto-1,4WD,Electricity,FA,T3B0,Federal Tier 3 Bin 0,SRIVT00.01L2,pickup,10,92,77,85,10,Elite
RIVIAN R1T Performance Dual Large Plus (22in),,,Auto-1,4WD,Electricity,FA,T3B0,Federal Tier 3 Bin 0,SRIVT00.0SEP,pickup,10,89,75,82,10,Elite
RIVIAN R1T Performance Dual Max (20in),,,Auto-1,4WD,Electricity,FA,T3B0,Federal Tier 3 Bin 0,SRIVT00.0SEP,pickup,10,86,74,80,10,Elite
RIVIAN R1T Performance Dual Max (22in),,,Auto-1,4WD,Electricity,FA,T3B0,Federal Tier 3 Bin 0,SRIVT00.0SEP,pickup,10,93,80,87,10,Elite
ROLLS-ROYCE Black Badge Spectre (22'' Wheels),,,Auto-1,4WD,Electricity,FA,T3B0,Federal Tier 3 Bin 0,SRRGV00.0R2B,small car,10,70,80,74,10,Elite
ROLLS-ROYCE Black Badge Spectre (23'' Wheels),,,Auto-1,4WD,Electricity,FA,T3B0,Federal Tier 3 Bin 0,SRRGV00.0R2B,small car,10,67,74,70,10,Elite
ROLLS-ROYCE Spectre (22'' Wheels),,,Auto-1,4WD,Electricity,FA,T3B0,Federal Tier 3 Bin 0,SRRGV00.0R2B,small car,10,74,82,77,10,Elite
ROLLS-ROYCE Spectre (23'' Wheels),,,Auto-1,4WD,Electricity,FA,T3B0,Federal Tier 3 Bin 0,SRRGV00.0R2B,small car,10,67,75,70,10,Elite
TOYOTA Camry HEV AWD LE,2.5,4.0,SCV-6,4WD,Gasoline,CA,L3SULEV30,California LEV-III SULEV30,STYXV02.5P3A,midsize car,6,51,49,50,8,Yes
TOYOTA Camry HEV AWD SE/XLE,2.5,4.0,SCV-6,4WD,Gasoline,CA,L3SULEV30,California LEV-III SULEV30,STYXV02.5P3A,midsize car,6,46,46,46,8,Yes
TOYOTA Camry HEV FF LE,2.5,4.0,SCV-6,2WD,Gasoline,CA,L3SULEV30,California LEV-III SULEV30,STYXV02.5P3A,midsize car,6,53,50,51,8,Yes
TOYOTA Camry HEV FF SE/XLE/XSE,2.5,4.0,SCV-6,2WD,Gasoline,CA,L3SULEV30,California LEV-III SULEV30,STYXV02.5P3A,midsize car,6,48,47,47,8,Yes
VOLVO EC40,,,Auto-1,2WD,Electricity,FA,T3B0,Federal Tier 3 Bin 0,SVVXV00.0Z0B,small SUV,10,118,95,106,10,Elite
VOLVO EC40 Twin,,,Auto-1,4WD,Electricity,FA,T3B0,Federal Tier 3 Bin 0,SVVXV00.0Z0A,small SUV,10,105,88,97,10,Elite
VOLVO EX30 Single Motor Extended Range (18 Inch Wheels),,,Auto-1,2WD,Electricity,FA,T3B0,Federal Tier 3 Bin 0,SVVXV00.0Z0D,small SUV,10,124,103,114,10,Elite
VOLVO EX30 Single Motor Extended Range(19_20 Inch Wheel),,,Auto-1,2WD,Electricity,FA,T3B0,Federal Tier 3 Bin 0,SVVXV00.0Z0D,small SUV,10,127,104,116,10,Elite
VOLVO EX40,,,Auto-1,2WD,Electricity,FA,T3B0,Federal Tier 3 Bin 0,SVVXV00.0Z0B,small SUV,10,118,94,106,10,Elite
VOLVO EX40 Twin,,,Auto-1,4WD,Electricity,FA,T3B0,Federal Tier 3 Bin 0,SVVXV00.0Z0A,small SUV,10,103,85,94,10,Elite
VOLVO S60 T8,2.0,4.0,SemiAuto-8,4WD,Gasoline/Electricity,CA,L3SULEV30,California LEV-III SULEV30,SVVXJ02.0P30,small car,6,30/74,33/73,31/74,9,Yes
VOLVO S90 T8,2.0,4.0,SemiAuto-8,4WD,Gasoline/Electricity,CA,L3SULEV30,California LEV-III SULEV30,SVVXJ02.0P30,midsize car,6,28/66,31/67,29/66,9,Yes
VOLVO V60 T8,2.0,4.0,SemiAuto-8,4WD,Gasoline/Electricity,CA,L3SULEV30,California LEV-III SULEV30,SVVXJ02.0P30,station wagon,6,30/74,33/73,31/74,9,Yes
VOLVO XC60 T8,2.0,4.0,SemiAuto-8,4WD,Gasoline/Electricity,CA,L3SULEV30,California LEV-III SULEV30,SVVXJ02.0P30,small SUV,6,28/66,28/60,28/63,9,Yes
VOLVO XC90 T8,2.0,4.0,SemiAuto-8,4WD,Gasoline/Electricity,CA,L3SULEV30,California LEV-III SULEV30,SVVXJ02.0P30,standard SUV,6,26/59,27/57,27/58,8,Yes
